comparison,condition_a,condition_b,qwk_a,qwk_b,qwk_diff,prompts_positive,prompts_total,qwk_diff_mean,ci_lower,ci_upper,p_positive
T3_vs_T2,T3,T2,0.8369936656783136,0.8284136452216019,0.00858002045671169,12,15,0.008603503915339568,0.003250079624581173,0.014126138324887905,1.0
T3_vs_mean_RND,T3,mean_RND,0.8369936656783136,0.8275895921888685,0.009404073489445053,12,15,0.009425200767300369,0.004486311577089558,0.014665751898286622,1.0
T3_vs_POS,T3,POS,0.8369936656783136,0.8396248472477236,-0.0026311815694100016,3,15,-0.0026636298189232467,-0.008434886271491807,0.0030125294746385675,0.1775
T3_vs_mean_RB,T3,mean_RB,0.8369936656783136,0.8292730198866991,0.007720645791614467,11,15,0.007762494745455358,0.0026153053221026957,0.012904389164152496,0.998
T3_vs_FIRSTLAST,T3,FIRSTLAST,0.8369936656783136,0.8284830924321801,0.008510573246133468,13,15,0.008525478157390848,0.003354528436232282,0.013637196036679957,0.9995
T3_vs_TRANS,T3,TRANS,0.8369936656783136,0.8307635945763507,0.006230071101962831,14,15,0.006313029333620502,0.0016686653180977423,0.011100565139502071,0.996
T3_vs_LABELPOS,T3,LABELPOS,0.8369936656783136,0.8099165911875406,0.027077074490773012,14,15,0.027099204057514197,0.02044658394857388,0.03408581023809947,1.0
T3_vs_NO_TRANS,T3,NO_TRANS,0.8369936656783136,0.8089434413242327,0.028050224354080888,15,15,0.028060507593022074,0.021366495236946913,0.035131564493274904,1.0
T3_vs_NO_POS,T3,NO_POS,0.8369936656783136,0.8318327885904566,0.005160877087856952,12,15,0.00519225954387323,0.0008540062958169031,0.009745664856395095,0.9885
